{ "indexes" : [ { "v" : 1, "key" : { "_id" : 1 }, "name" : "_id_", "ns" : "basex.regions" }, { "v" : 1, "key" : { "_fts" : "text", "_ftsx" : 1 }, "name" : "$**_text", "ns" : "basex.regions", "weights" : { "$**" : 1 }, "default_language" : "english", "language_override" : "language", "textIndexVersion" : 2 }, { "v" : 1, "key" : { "name" : 1, "location" : 1 }, "name" : "name_1_location_1", "ns" : "basex.regions" }, { "v" : 1, "key" : { "regions" : 1 }, "name" : "regions_1", "ns" : "basex.regions" } ] }